case_index	case_tag	midpoint_nm	separation_nm	target_low_nm	target_high_nm	direct_detected	direct_significant_minima_count	direct_extra_minima_count	direct_predicted_low_nm	direct_predicted_high_nm	direct_low_signed_error_nm	direct_high_signed_error_nm	direct_low_absolute_error_nm	direct_high_absolute_error_nm	direct_emax_nm	direct_pair_rmse_nm	direct_midpoint_error_nm	direct_separation_error_nm	direct_ideal_spectrum_mse	direct_peak1_transmittance	direct_peak2_transmittance	direct_worst_valley_transmittance	direct_peak1_fwhm_nm	direct_peak2_fwhm_nm	direct_widest_fwhm_nm	direct_minimum_prominence	direct_R	direct_n_host1	direct_n_host2	cvae_detected	cvae_significant_minima_count	cvae_extra_minima_count	cvae_predicted_low_nm	cvae_predicted_high_nm	cvae_low_signed_error_nm	cvae_high_signed_error_nm	cvae_low_absolute_error_nm	cvae_high_absolute_error_nm	cvae_emax_nm	cvae_pair_rmse_nm	cvae_midpoint_error_nm	cvae_separation_error_nm	cvae_ideal_spectrum_mse	cvae_peak1_transmittance	cvae_peak2_transmittance	cvae_worst_valley_transmittance	cvae_peak1_fwhm_nm	cvae_peak2_fwhm_nm	cvae_widest_fwhm_nm	cvae_minimum_prominence	cvae_R	cvae_n_host1	cvae_n_host2	cvae_emax_improvement_nm	cvae_selected_candidate_index	cvae_condition_order_code	cvae_candidate_valid_count	cvae_final_response_valid_count	cvae_selected_shape_gate_passed	cvae_selected_shape_minimax_score	cvae_best_available_position_error_nm	cvae_position_quality_window_nm	cvae_candidate_significant_minima_count	cvae_candidate_extra_minima_count	cvae_candidate_emax_nm	cvae_ideal_to_candidate_mse	cvae_candidate_to_final_mse
1	450_490	4.7000000000e+02	4.0000000000e+01	4.5000000000e+02	4.9000000000e+02	1	2	0	4.5024829102e+02	4.9431777954e+02	2.4829101562e-01	4.3177795410e+00	2.4829101562e-01	4.3177795410e+00	4.3177795410e+00	3.0581749944e+00	2.2830352783e+00	4.0694885254e+00	3.3275702839e-03	4.5759644359e-02	4.5495077968e-02	4.5759644359e-02	1.6502177401e+01	7.3526524263e+01	7.3526524263e+01	3.6285347119e-01	5.6698532104e+00	1.8475823402e+00	2.0770478249e+00	1	2	0	4.5024829102e+02	4.9431777954e+02	2.4829101562e-01	4.3177795410e+00	2.4829101562e-01	4.3177795410e+00	4.3177795410e+00	3.0581749944e+00	2.2830352783e+00	4.0694885254e+00	3.1743930329e-03	4.9417272210e-02	4.7115668654e-02	4.9417272210e-02	1.7059181148e+01	3.6110574143e+01	3.6110574143e+01	4.0870518982e-01	5.5735073090e+00	1.8472772837e+00	2.0764069557e+00	0.0000000000e+00	5	0	20	20	1	1.3887313341e+00	4.3177795410e+00	6.8177795410e+00	2	0	5.1571960449e+00	5.6582232937e-03	3.2590765040e-03
2	440_500	4.7000000000e+02	6.0000000000e+01	4.4000000000e+02	5.0000000000e+02	1	2	0	4.4814974976e+02	4.9557690430e+02	8.1497497559e+00	-4.4230957031e+00	8.1497497559e+00	4.4230957031e+00	8.1497497559e+00	6.5567597440e+00	1.8633270264e+00	1.2572845459e+01	7.2307931798e-03	2.9966602102e-02	2.3921329528e-02	2.9966602102e-02	2.2536996873e+01	3.4133812338e+01	3.4133812338e+01	5.6430088542e-01	5.7832279205e+00	1.7727009058e+00	2.1272890568e+00	1	2	0	4.4731033325e+02	4.9767547607e+02	7.3103332520e+00	-2.3245239258e+00	7.3103332520e+00	2.3245239258e+00	7.3103332520e+00	5.4242226971e+00	2.4929046631e+00	9.6348571777e+00	6.0856469779e-03	4.7693382949e-02	9.2050932348e-02	9.2050932348e-02	2.7106372021e+01	3.1899724139e+01	3.1899724139e+01	6.3366613537e-01	5.4509449005e+00	1.7584364414e+00	2.1563384533e+00	8.3941650391e-01	1	0	20	20	1	1.3536423131e+00	7.3103332520e+00	9.8103332520e+00	2	0	4.4415283203e+00	7.2576128878e-03	3.4945851658e-03
3	430_510	4.7000000000e+02	8.0000000000e+01	4.3000000000e+02	5.1000000000e+02	1	2	0	4.3262051392e+02	5.0942733765e+02	2.6205139160e+00	-5.7266235352e-01	2.6205139160e+00	5.7266235352e-01	2.6205139160e+00	1.8967123339e+00	1.0239257812e+00	3.1931762695e+00	1.0933808261e-02	2.3441443220e-02	2.7510274202e-02	2.7510274202e-02	2.6558920278e+01	3.6820613724e+01	3.6820613724e+01	7.4503224157e-01	5.9598827362e+00	1.7069888115e+00	2.1666851044e+00	1	2	0	4.3262051392e+02	5.0984704590e+02	2.6205139160e+00	-1.5295410156e-01	2.6205139160e+00	1.5295410156e-01	2.6205139160e+00	1.8561368674e+00	1.2337799072e+00	2.7734680176e+00	1.0174675578e-02	1.6213183105e-01	9.8910585046e-02	1.6213183105e-01	1.9177074937e+01	2.2454387522e+01	2.2454387522e+01	6.7064858973e-01	4.4746637344e+00	1.6798036098e+00	2.2096335888e+00	0.0000000000e+00	6	0	20	20	1	9.2071614373e-01	2.6205139160e+00	5.1205139160e+00	2	0	1.3613891602e+00	1.0676800273e-02	2.6329993852e-04
4	420_520	4.7000000000e+02	1.0000000000e+02	4.2000000000e+02	5.2000000000e+02	1	2	0	4.3220080566e+02	5.1152587891e+02	1.2200805664e+01	-8.4741210938e+00	1.2200805664e+01	8.4741210938e+00	1.2200805664e+01	1.0504056054e+01	1.8633422852e+00	2.0674926758e+01	2.1274583836e-02	5.6785713881e-02	1.3722048141e-02	5.6785713881e-02	2.9783226243e+01	4.0530401207e+01	4.0530401207e+01	6.7243145779e-01	6.1394276619e+00	1.6500189304e+00	2.2344527245e+00	1	2	0	4.1918978882e+02	5.2327777100e+02	-8.1021118164e-01	3.2777709961e+00	8.1021118164e-01	3.2777709961e+00	3.2777709961e+00	2.3874908232e+00	1.2337799072e+00	4.0879821777e+00	1.5072503668e-02	1.3582903147e-01	8.5985876620e-02	1.3582903147e-01	1.5334472471e+01	2.2834509655e+01	2.2834509655e+01	6.5296196938e-01	4.3961248398e+00	1.6262038946e+00	2.2837347984e+00	8.9230346680e+00	18	0	20	20	1	1.2243501825e+00	3.2777709961e+00	5.7777709961e+00	2	0	3.6974487305e+00	2.7213562280e-02	1.0432829149e-02
5	410_530	4.7000000000e+02	1.2000000000e+02	4.1000000000e+02	5.3000000000e+02	1	2	0	4.1793066406e+02	5.2453686523e+02	7.9306640625e+00	-5.4631347656e+00	7.9306640625e+00	5.4631347656e+00	7.9306640625e+00	6.8095988846e+00	1.2337646484e+00	1.3393798828e+01	2.1761137940e-02	1.2671144307e-01	1.3757036999e-02	1.2671144307e-01	2.4531239194e+01	4.1379915680e+01	4.1379915680e+01	4.9963377416e-01	6.0417737961e+00	1.5621083975e+00	2.3129901886e+00	1	2	0	4.0659851074e+02	5.2453686523e+02	-3.4014892578e+00	-5.4631347656e+00	3.4014892578e+00	5.4631347656e+00	5.4631347656e+00	4.5506027424e+00	4.4323120117e+00	2.0616455078e+00	2.4601138943e-02	6.8534910679e-02	1.6287146136e-02	6.8534910679e-02	1.6193606454e+01	3.8394623997e+01	3.8394623997e+01	5.1383388042e-01	5.7857131958e+00	1.5278339386e+00	2.3086390495e+00	2.4675292969e+00	15	0	20	20	1	1.1842127697e+00	5.4631347656e+00	7.9631347656e+00	2	0	2.1423645020e+00	2.1885661408e-02	2.4092891254e-03
6	472_512	4.9200000000e+02	4.0000000000e+01	4.7200000000e+02	5.1200000000e+02	1	2	0	4.7710971069e+02	5.0942733765e+02	5.1097106934e+00	-2.5726623535e+00	5.1097106934e+00	2.5726623535e+00	5.1097106934e+00	4.0452277411e+00	1.2685241699e+00	7.6823730469e+00	3.4542414908e-03	5.6621510535e-02	2.6712276042e-02	5.6621510535e-02	1.4684040743e+01	6.6537249311e+01	6.6537249311e+01	2.3068098351e-01	5.4252271652e+00	1.9801750183e+00	2.1948692799e+00	1	2	0	4.7585058594e+02	5.1026675415e+02	3.8505859375e+00	-1.7332458496e+00	3.8505859375e+00	1.7332458496e+00	3.8505859375e+00	2.9858962840e+00	1.0586700439e+00	5.5838317871e+00	2.7076138284e-03	1.4887933433e-01	3.4961927682e-02	1.4887933433e-01	2.1715584030e+01	7.1211994469e+01	7.1211994469e+01	2.6085479558e-01	5.2729225159e+00	1.9671026468e+00	2.2042222023e+00	1.2591247559e+00	1	0	20	20	0	1.9167751887e+00	3.8505859375e+00	6.3505859375e+00	2	0	2.5914611816e+00	3.1299679540e-03	1.8888965133e-04
7	462_522	4.9200000000e+02	6.0000000000e+01	4.6200000000e+02	5.2200000000e+02	1	2	0	4.6325927734e+02	5.2369744873e+02	1.2592773438e+00	1.6974487305e+00	1.2592773438e+00	1.6974487305e+00	1.6974487305e+00	1.4945085515e+00	1.4783630371e+00	4.3817138672e-01	6.1018162385e-03	4.1235201061e-02	4.1585925967e-02	4.1585925967e-02	3.1230710455e+01	3.0141727971e+01	3.1230710455e+01	6.1176102981e-01	5.5343713760e+00	1.9430708885e+00	2.2614364624e+00	1	2	0	4.6367901611e+02	5.2243829346e+02	1.6790161133e+00	4.3829345703e-01	1.6790161133e+00	4.3829345703e-01	1.6790161133e+00	1.2270281706e+00	1.0586547852e+00	1.2407226562e+00	4.5261557440e-03	6.0790989548e-02	6.2496453524e-02	6.2496453524e-02	3.2882130051e+01	2.8950324733e+01	3.2882130051e+01	5.5388006568e-01	5.4223117828e+00	1.9521037340e+00	2.2562072277e+00	1.8432617188e-02	0	0	20	20	1	9.6512546765e-01	1.6790161133e+00	4.1790161133e+00	2	0	3.3762817383e+00	6.3839005306e-03	4.2299591005e-03
8	452_532	4.9200000000e+02	8.0000000000e+01	4.5200000000e+02	5.3200000000e+02	1	2	0	4.6158044434e+02	5.2789453125e+02	9.5804443359e+00	-4.1054687500e+00	9.5804443359e+00	4.1054687500e+00	9.5804443359e+00	7.3702030953e+00	2.7374877930e+00	1.3685913086e+01	1.2641180665e-02	3.3695720136e-02	5.2585635334e-02	5.2585635334e-02	3.2296467579e+01	3.6172011796e+01	3.6172011796e+01	6.8470564112e-01	5.6780195236e+00	1.8699235916e+00	2.3392698765e+00	1	2	0	4.4898916626e+02	5.2957336426e+02	-3.0108337402e+00	-2.4266357422e+00	3.0108337402e+00	2.4266357422e+00	3.0108337402e+00	2.7343811765e+00	2.7187347412e+00	5.8419799805e-01	1.2763153790e-02	4.3868772686e-02	8.2546815276e-02	8.2546815276e-02	2.9312353318e+01	3.6300705015e+01	3.6300705015e+01	7.2813458741e-01	5.4334058762e+00	1.8425091505e+00	2.3394699097e+00	6.5696105957e+00	11	0	20	20	1	1.3866495410e+00	3.0108337402e+00	5.5108337402e+00	2	0	2.5911254883e+00	1.5237702057e-02	4.8825917765e-03
9	442_542	4.9200000000e+02	1.0000000000e+02	4.4200000000e+02	5.4200000000e+02	1	2	0	4.4814974976e+02	5.3964642334e+02	6.1497497559e+00	-2.3535766602e+00	6.1497497559e+00	2.3535766602e+00	6.1497497559e+00	4.6561113150e+00	1.8980865479e+00	8.5033264160e+00	1.1762621227e-02	2.8262281790e-02	2.3505141959e-02	2.8262281790e-02	2.8618955312e+01	3.6304672415e+01	3.6304672415e+01	8.1002364121e-01	5.5842661858e+00	1.8020973206e+00	2.3900294304e+00	1	2	0	4.4731033325e+02	5.4174493408e+02	5.3103332520e+00	-2.5506591797e-01	5.3103332520e+00	2.5506591797e-01	5.3103332520e+00	3.7593016552e+00	2.5276336670e+00	5.5653991699e+00	1.7234055717e-02	2.4642996490e-01	2.5132486224e-01	2.5132486224e-01	1.6712185897e+01	2.0119248300e+01	2.0119248300e+01	5.7780936360e-01	3.6400322914e+00	1.7632070780e+00	2.3784837723e+00	8.3941650391e-01	10	0	20	20	1	1.2566243112e+00	5.3103332520e+00	7.8103332520e+00	2	0	2.7920837402e+00	2.8555169702e-02	9.3260183930e-03
10	432_552	4.9200000000e+02	1.2000000000e+02	4.3200000000e+02	5.5200000000e+02	1	2	0	4.3345993042e+02	5.5391650391e+02	1.4599304199e+00	1.9165039062e+00	1.4599304199e+00	1.9165039062e+00	1.9165039062e+00	1.7035821163e+00	1.6882171631e+00	4.5657348633e-01	2.2288449845e-02	3.3744126558e-02	2.7707941830e-02	3.3744126558e-02	3.1131000223e+01	4.4816950522e+01	4.4816950522e+01	7.7784720063e-01	5.7760834694e+00	1.7315762043e+00	2.4602439404e+00	1	3	1	4.3220080566e+02	5.5391650391e+02	2.0080566406e-01	1.9165039062e+00	2.0080566406e-01	1.9165039062e+00	1.9165039062e+00	1.3625913066e+00	1.0586547852e+00	1.7156982422e+00	1.5893735377e-02	1.8026807904e-01	1.7653600872e-01	1.8026807904e-01	1.5124318993e+01	2.6555067424e+01	2.6555067424e+01	6.4902785420e-01	3.9080245495e+00	1.7378587723e+00	2.4547951221e+00	0.0000000000e+00	17	0	20	20	1	1.2654027741e+00	1.9165039062e+00	4.4165039062e+00	2	0	3.1756591797e+00	3.0539585277e-02	1.0346701369e-02
11	494_534	5.1400000000e+02	4.0000000000e+01	4.9400000000e+02	5.3400000000e+02	1	3	1	4.9431777954e+02	5.2747485352e+02	3.1777954102e-01	-6.5251464844e+00	3.1777954102e-01	6.5251464844e+00	6.5251464844e+00	4.6194437154e+00	3.1036834717e+00	6.8429260254e+00	4.4160769788e-03	4.5950505883e-02	6.9373764098e-02	6.9373764098e-02	7.4870406711e+01	2.2526913030e+01	7.4870406711e+01	2.7646022290e-01	5.2956528664e+00	2.1163096428e+00	2.3433165550e+00	1	3	1	4.9473748779e+02	5.3628875732e+02	7.3748779297e-01	2.2887573242e+00	7.3748779297e-01	2.2887573242e+00	2.2887573242e+00	1.7003379567e+00	1.5131225586e+00	1.5512695312e+00	5.6045901479e-03	4.7071181238e-02	5.7281792164e-02	5.7281792164e-02	7.9658226418e+01	2.3545853739e+01	7.9658226418e+01	3.4121227264e-01	5.3771772385e+00	2.1313371658e+00	2.3556456566e+00	4.2363891602e+00	1	0	20	20	1	1.4653634704e+00	2.2887573242e+00	4.7887573242e+00	3	1	1.8690185547e+00	5.3724744357e-03	1.6424874775e-03
12	484_544	5.1400000000e+02	6.0000000000e+01	4.8400000000e+02	5.4400000000e+02	1	3	1	4.9347836304e+02	5.3922668457e+02	9.4783630371e+00	-4.7733154297e+00	9.4783630371e+00	4.7733154297e+00	9.4783630371e+00	7.5041290652e+00	2.3525238037e+00	1.4251678467e+01	9.6684096818e-03	5.0461433828e-02	3.1039150432e-02	5.0461433828e-02	2.2234522985e+01	3.6933150516e+01	3.6933150516e+01	5.0812140852e-01	5.2455573082e+00	2.0671267509e+00	2.3983221054e+00	1	3	1	4.7878854370e+02	5.4090551758e+02	-5.2114562988e+00	-3.0944824219e+00	5.2114562988e+00	3.0944824219e+00	5.2114562988e+00	4.2857378719e+00	4.1529693604e+00	2.1169738770e+00	2.2048033206e-02	3.1040465832e-01	2.6949754357e-01	3.1040465832e-01	1.7792875787e+01	2.1381049108e+01	2.1381049108e+01	5.4544162750e-01	3.6372199059e+00	2.0179955959e+00	2.3689160347e+00	4.2669067383e+00	17	0	20	20	1	1.5520232916e+00	5.2114562988e+00	7.7114562988e+00	3	1	4.3720397949e+00	2.1199174225e-02	3.1356343534e-03
13	474_554	5.1400000000e+02	8.0000000000e+01	4.7400000000e+02	5.5400000000e+02	1	2	0	4.7752941895e+02	5.5391650391e+02	3.5294189453e+00	-8.3496093750e-02	3.5294189453e+00	8.3496093750e-02	3.5294189453e+00	2.4963743398e+00	1.7229614258e+00	3.6129150391e+00	7.8765738895e-03	5.0991743803e-02	4.2878109962e-02	5.0991743803e-02	2.8262853059e+01	3.8831101846e+01	3.8831101846e+01	7.2907438874e-01	5.2415027618e+00	2.0108852386e+00	2.4548716545e+00	1	3	1	4.7627029419e+02	5.5475592041e+02	2.2702941895e+00	7.5592041016e-01	2.2702941895e+00	7.5592041016e-01	2.2702941895e+00	1.6919886780e+00	1.5131072998e+00	1.5143737793e+00	7.1618478683e-03	1.3985988498e-01	1.0106213391e-01	1.3985988498e-01	2.1314023107e+01	2.8419093302e+01	2.8419093302e+01	7.0811715722e-01	4.3430204391e+00	1.9840997458e+00	2.4887533188e+00	1.2591247559e+00	8	0	20	20	1	7.0609784681e-01	2.2702941895e+00	4.7702941895e+00	2	0	2.2702941895e+00	7.2474125773e-03	7.6636017184e-05
14	464_564	5.1400000000e+02	1.0000000000e+02	4.6400000000e+02	5.6400000000e+02	1	2	0	4.6367901611e+02	5.5559539795e+02	-3.2098388672e-01	-8.4046020508e+00	3.2098388672e-01	8.4046020508e+00	8.4046020508e+00	5.9472836778e+00	4.3627929688e+00	8.0836181641e+00	1.3938294360e-02	6.5818205476e-02	2.6269203052e-02	6.5818205476e-02	3.2967702281e+01	3.9842253276e+01	3.9842253276e+01	7.5684677064e-01	5.4296998978e+00	1.9516718388e+00	2.5245175362e+00	1	2	0	4.6283956909e+02	5.7112463379e+02	-1.1604309082e+00	7.1246337891e+00	1.1604309082e+00	7.1246337891e+00	7.1246337891e+00	5.1042632437e+00	2.9821014404e+00	8.2850646973e+00	1.2161004184e-02	1.5147100389e-01	9.7142830491e-02	1.5147100389e-01	2.2023800828e+01	3.0553982596e+01	3.0553982596e+01	6.9199343026e-01	4.3547883034e+00	1.9278581142e+00	2.5579385757e+00	1.2799682617e+00	18	0	20	20	1	7.5735501945e-01	3.7669677734e+00	6.2669677734e+00	2	0	4.1866455078e+00	1.4640619047e-02	6.9177816622e-03
15	454_574	5.1400000000e+02	1.2000000000e+02	4.5400000000e+02	5.7400000000e+02	1	2	0	4.4940887451e+02	5.7322314453e+02	-4.5911254883e+00	-7.7685546875e-01	4.5911254883e+00	7.7685546875e-01	4.5911254883e+00	3.2925626546e+00	2.6839904785e+00	3.8142700195e+00	1.7527496293e-02	8.0445162952e-02	2.0460266620e-02	8.0445162952e-02	3.2303471962e+01	4.0590983296e+01	4.0590983296e+01	7.6891792566e-01	5.3585214615e+00	1.8559663296e+00	2.6003494263e+00	1	2	0	4.4856945801e+02	5.7406256104e+02	-5.4305419922e+00	6.2561035156e-02	5.4305419922e+00	6.2561035156e-02	5.4305419922e+00	3.8402278716e+00	2.6839904785e+00	5.4931030273e+00	1.5543460179e-02	1.6099937260e-01	1.0635031015e-01	1.6099937260e-01	1.8212284106e+01	2.9198710672e+01	2.9198710672e+01	6.6213236749e-01	4.1701731682e+00	1.8185385466e+00	2.6073083878e+00	-8.3941650391e-01	8	0	20	20	1	1.0712477257e+00	5.4305419922e+00	7.9305419922e+00	2	0	4.5911254883e+00	1.2901869603e-02	3.6418999662e-04
16	516_556	5.3600000000e+02	4.0000000000e+01	5.1600000000e+02	5.5600000000e+02	1	3	1	5.1068646240e+02	5.5391650391e+02	-5.3135375977e+00	-2.0834960938e+00	5.3135375977e+00	2.0834960938e+00	5.3135375977e+00	4.0357550579e+00	3.6985168457e+00	3.2300415039e+00	7.5716918132e-03	9.4355247915e-02	4.4817894697e-02	9.4355247915e-02	1.9639369901e+01	7.5828084618e+01	7.5828084618e+01	3.4134299308e-01	5.0020451546e+00	2.2398362160e+00	2.4720985889e+00	1	3	1	5.1068646240e+02	5.5391650391e+02	-5.3135375977e+00	-2.0834960938e+00	5.3135375977e+00	2.0834960938e+00	5.3135375977e+00	4.0357550579e+00	3.6985168457e+00	3.2300415039e+00	1.4569932348e-02	4.5553155243e-02	2.3056052625e-02	4.5553155243e-02	1.9093278918e+01	8.5823479876e+01	8.5823479876e+01	3.1275164336e-01	5.5642576218e+00	2.2464632988e+00	2.4721555710e+00	0.0000000000e+00	11	0	20	20	1	1.5987126227e+00	5.3135375977e+00	7.8135375977e+00	3	1	3.6347045898e+00	1.3804859482e-02	1.0825273348e-03
17	506_566	5.3600000000e+02	6.0000000000e+01	5.0600000000e+02	5.6600000000e+02	1	3	1	5.0984704590e+02	5.5601507568e+02	3.8470458984e+00	-9.9849243164e+00	3.8470458984e+00	9.9849243164e+00	9.9849243164e+00	7.5663226124e+00	3.0689392090e+00	1.3831970215e+01	1.0447157018e-02	5.9309389442e-02	5.0706949085e-02	5.9309389442e-02	2.1080309833e+01	3.9972729935e+01	3.9972729935e+01	4.9576899782e-01	5.0170230865e+00	2.1883273125e+00	2.5522477627e+00	1	3	1	5.0984704590e+02	5.6944580078e+02	3.8470458984e+00	3.4458007812e+00	3.8470458984e+00	3.4458007812e+00	3.8470458984e+00	3.6519381956e+00	3.6464233398e+00	4.0124511719e-01	8.2617758567e-03	1.3820879161e-01	1.7944793403e-01	1.7944793403e-01	2.3489626797e+01	2.7121474902e+01	2.7121474902e+01	5.7571770251e-01	4.1973276138e+00	2.1913232803e+00	2.5676803589e+00	6.1378784180e+00	8	0	20	20	1	8.9723967016e-01	3.8470458984e+00	6.3470458984e+00	3	1	5.1246337891e+00	8.3864405751e-03	9.2523830244e-04
18	496_576	5.3600000000e+02	8.0000000000e+01	4.9600000000e+02	5.7600000000e+02	1	3	1	4.9473748779e+02	5.7238372803e+02	-1.2625122070e+00	-3.6162719727e+00	1.2625122070e+00	3.6162719727e+00	3.6162719727e+00	2.7084460538e+00	2.4393920898e+00	2.3537597656e+00	9.1800094462e-03	1.1055665463e-01	2.8193002567e-02	1.1055665463e-01	3.2256443964e+01	3.8076997271e+01	3.8076997271e+01	6.3409513980e-01	5.0605602264e+00	2.1357290745e+00	2.6151876450e+00	1	3	1	4.9515719604e+02	5.7364288330e+02	-8.4280395508e-01	-2.3571166992e+00	8.4280395508e-01	2.3571166992e+00	2.3571166992e+00	1.7700731115e+00	1.5999603271e+00	1.5143127441e+00	1.5232700762e-02	2.9239368439e-01	2.4749504030e-01	2.9239368439e-01	1.8587164464e+01	2.2887806086e+01	2.2887806086e+01	5.4984599352e-01	3.4712257385e+00	2.1226782799e+00	2.5840554237e+00	1.2591552734e+00	19	0	20	20	1	1.4619684219e+00	2.3571166992e+00	4.8571166992e+00	3	1	1.6822204590e+00	1.7579436302e-02	2.4854766671e-03
19	486_586	5.3600000000e+02	1.0000000000e+02	4.8600000000e+02	5.8600000000e+02	1	3	1	4.9347836304e+02	5.8791302490e+02	7.4783630371e+00	1.9130249023e+00	7.4783630371e+00	1.9130249023e+00	7.4783630371e+00	5.4582771087e+00	4.6956939697e+00	5.5653381348e+00	1.2017434775e-02	5.7576779276e-02	5.3301807493e-02	5.7576779276e-02	2.8385610981e+01	3.9962489359e+01	3.9962489359e+01	7.3399656639e-01	5.0664086342e+00	2.0833325386e+00	2.6719040871e+00	1	3	1	4.9179953003e+02	5.8959185791e+02	5.7995300293e+00	3.5918579102e+00	5.7995300293e+00	3.5918579102e+00	5.7995300293e+00	4.8236911078e+00	4.6956939697e+00	2.2076721191e+00	2.4981434615e-02	5.1097130775e-01	2.9772347212e-01	5.1097130775e-01	2.5067532264e+01	1.9209983656e+01	2.5067532264e+01	3.1392514706e-01	3.0972774029e+00	2.0469934940e+00	2.6920628548e+00	1.6788330078e+00	2	0	20	20	0	2.5548565388e+00	7.6311645508e+00	1.0131164551e+01	3	1	3.8537902832e+00	2.7099048719e-02	1.2319169473e-03
20	476_596	5.3600000000e+02	1.2000000000e+02	4.7600000000e+02	5.9600000000e+02	1	2	0	4.7752941895e+02	5.9169036865e+02	1.5294189453e+00	-4.3096313477e+00	1.5294189453e+00	4.3096313477e+00	4.3096313477e+00	3.2335773273e+00	1.3901062012e+00	5.8390502930e+00	1.1604652119e-02	6.0103774071e-02	2.7531107888e-02	6.0103774071e-02	2.9011271662e+01	3.8812435826e+01	3.8812435826e+01	7.6285392046e-01	5.0788664818e+00	2.0236432552e+00	2.7383668423e+00	1	2	0	4.7710971069e+02	5.9294952393e+02	1.1097106934e+00	-3.0504760742e+00	1.1097106934e+00	3.0504760742e+00	3.0504760742e+00	2.2953063088e+00	9.7038269043e-01	4.1601867676e+00	7.3609139532e-03	1.1668913066e-01	1.2487346679e-01	1.2487346679e-01	2.5468017863e+01	3.1563893956e+01	3.1563893956e+01	6.9820600003e-01	4.4664802551e+00	1.9969394207e+00	2.7244186401e+00	1.2591552734e+00	6	0	20	20	1	7.1612103015e-01	3.0504760742e+00	5.5504760742e+00	2	0	3.0504760742e+00	7.7080312185e-03	5.6865176884e-04
21	538_578	5.5800000000e+02	4.0000000000e+01	5.3800000000e+02	5.7800000000e+02	1	3	1	5.3754785156e+02	5.7154431152e+02	-4.5214843750e-01	-6.4556884766e+00	4.5214843750e-01	6.4556884766e+00	6.4556884766e+00	4.5760437015e+00	3.4539184570e+00	6.0035400391e+00	1.1123640737e-02	5.8030456305e-02	2.4903509766e-02	5.8030456305e-02	1.4902794394e+01	7.0640571998e+01	7.0640571998e+01	2.2908753157e-01	4.9496526718e+00	2.3879663944e+00	2.6056971550e+00	1	3	1	5.3922668457e+02	5.7700054932e+02	1.2266845703e+00	-9.9945068359e-01	1.2266845703e+00	9.9945068359e-01	1.2266845703e+00	1.1188513538e+00	1.1361694336e-01	2.2261352539e+00	3.4125546000e-02	4.6659383178e-01	4.2773985863e-01	4.6659383178e-01	1.4631429279e+01	2.1135451774e+01	2.1135451774e+01	2.6898464561e-01	2.8493928909e+00	2.4081380367e+00	2.6347761154e+00	5.2290039062e+00	9	0	20	20	0	2.3329691589e+00	1.2266845703e+00	3.7266845703e+00	3	1	9.9945068359e-01	3.3694718033e-02	3.4609457362e-04
22	528_588	5.5800000000e+02	6.0000000000e+01	5.2800000000e+02	5.8800000000e+02	1	3	1	5.2411718750e+02	5.8791302490e+02	-3.8828125000e+00	-8.6975097656e-02	3.8828125000e+00	8.6975097656e-02	3.8828125000e+00	2.7462517708e+00	1.9848937988e+00	3.7958374023e+00	1.3739793388e-02	6.0293037444e-02	5.0874043256e-02	6.0293037444e-02	2.3540903340e+01	4.2146341960e+01	4.2146341960e+01	5.6253026053e-01	4.9428720474e+00	2.3440954685e+00	2.6850020885e+00	1	3	1	5.2621569824e+02	5.9001153564e+02	-1.7843017578e+00	2.0115356445e+00	1.7843017578e+00	2.0115356445e+00	2.0115356445e+00	1.9013164403e+00	1.1361694336e-01	3.7958374023e+00	1.6880220792e-02	2.6543647051e-01	1.8190298975e-01	2.6543647051e-01	1.7007409522e+01	2.1800149008e+01	2.1800149008e+01	5.2246433496e-01	3.5809092522e+00	2.3092422485e+00	2.6717100143e+00	1.8712768555e+00	10	0	20	20	1	1.3271823525e+00	2.0115356445e+00	4.5115356445e+00	3	1	2.2039794922e+00	1.5324902721e-02	2.0018138457e-03
23	518_598	5.5800000000e+02	8.0000000000e+01	5.1800000000e+02	5.9800000000e+02	1	3	1	5.2201861572e+02	5.9169036865e+02	4.0186157227e+00	-6.3096313477e+00	4.0186157227e+00	6.3096313477e+00	6.3096313477e+00	5.2896464943e+00	1.1455078125e+00	1.0328247070e+01	1.1644236261e-02	8.0682434142e-02	4.6633820981e-02	8.0682434142e-02	2.6700669233e+01	3.8080602222e+01	3.8080602222e+01	6.3237907737e-01	4.9211306572e+00	2.2662694454e+00	2.7488684654e+00	1	3	1	5.1320471191e+02	5.9211010742e+02	-4.7952880859e+00	-5.8898925781e+00	4.7952880859e+00	5.8898925781e+00	5.8898925781e+00	5.3705503633e+00	5.3425903320e+00	1.0946044922e+00	8.7404641848e-03	1.8587777019e-01	1.0352288932e-01	1.8587777019e-01	2.5937685273e+01	3.2747768598e+01	3.2747768598e+01	5.8861032128e-01	4.4112253189e+00	2.2502481937e+00	2.7205297947e+00	4.1973876953e-01	6	0	20	20	1	9.2938885093e-01	5.8898925781e+00	8.3898925781e+00	3	1	4.7952880859e+00	8.0302786082e-03	1.8578140298e-03
24	508_608	5.5800000000e+02	1.0000000000e+02	5.0800000000e+02	6.0800000000e+02	1	3	1	5.0984704590e+02	6.0596051025e+02	1.8470458984e+00	-2.0394897461e+00	1.8470458984e+00	2.0394897461e+00	2.0394897461e+00	1.9456486033e+00	9.6221923828e-02	3.8865356445e+00	9.5094635049e-03	7.0563115180e-02	4.2360905558e-02	7.0563115180e-02	2.7541846192e+01	3.6374694350e+01	3.6374694350e+01	7.2308935970e-01	4.8072304726e+00	2.2130451202e+00	2.7808403969e+00	1	3	1	5.0816821289e+02	6.0763934326e+02	1.6821289062e-01	-3.6065673828e-01	1.6821289062e-01	3.6065673828e-01	3.6065673828e-01	2.8139728094e-01	9.6221923828e-02	5.2886962891e-01	6.9593118707e-03	1.4096835256e-01	1.0502664745e-01	1.4096835256e-01	2.1182380620e+01	2.8885199785e+01	2.8885199785e+01	6.7527779937e-01	4.1055283546e+00	2.2028820515e+00	2.7926404476e+00	1.6788330078e+00	13	0	20	20	1	7.4043601088e-01	3.6065673828e-01	2.8606567383e+00	3	1	4.7875976562e-01	7.4052107520e-03	1.1103724682e-04
25	498_618	5.5800000000e+02	1.2000000000e+02	4.9800000000e+02	6.1800000000e+02	1	3	1	4.9473748779e+02	6.0931817627e+02	-3.2625122070e+00	-8.6818237305e+00	3.2625122070e+00	8.6818237305e+00	8.6818237305e+00	6.5581266070e+00	5.9721679688e+00	5.4193115234e+00	1.3055487729e-02	9.5661111176e-02	5.9889383614e-02	9.5661111176e-02	2.8654566483e+01	3.8252731105e+01	3.8252731105e+01	7.2609876841e-01	4.7475194931e+00	2.1298241615e+00	2.8506269455e+00	1	3	1	4.9389807129e+02	6.2065032959e+02	-4.1019287109e+00	2.6503295898e+00	4.1019287109e+00	2.6503295898e+00	4.1019287109e+00	3.4532641142e+00	7.2579956055e-01	6.7522583008e+00	1.4915311806e-02	2.7550950646e-01	2.8505522013e-01	2.8505522013e-01	2.0832758881e+01	2.5629861090e+01	2.5629861090e+01	5.1987898350e-01	3.4634830952e+00	2.1176147461e+00	2.8751530647e+00	4.5798950195e+00	19	0	20	20	1	1.4252761006e+00	4.1019287109e+00	6.6019287109e+00	3	1	2.8428039551e+00	1.5269730240e-02	2.5677599479e-03
26	560_600	5.8000000000e+02	4.0000000000e+01	5.6000000000e+02	6.0000000000e+02	1	3	1	5.5475592041e+02	5.9043127441e+02	-5.2440795898e+00	-9.5687255859e+00	5.2440795898e+00	9.5687255859e+00	9.5687255859e+00	7.7155971928e+00	7.4064025879e+00	4.3246459961e+00	1.7293805288e-02	6.5169773996e-02	3.3135708421e-02	6.5169773996e-02	1.6633181282e+01	7.2615989051e+01	7.2615989051e+01	2.7850086242e-01	4.6954188347e+00	2.5134143829e+00	2.7332842350e+00	1	3	1	5.5601507568e+02	6.0386193848e+02	-3.9849243164e+00	3.8619384766e+00	3.9849243164e+00	3.8619384766e+00	3.9849243164e+00	3.9239132638e+00	6.1492919922e-02	7.8468627930e+00	1.4708449187e-02	1.4853820205e-01	2.2224195302e-01	2.2224195302e-01	2.6675609059e+01	2.7316052847e+01	2.7316052847e+01	3.4937553108e-01	4.0258097649e+00	2.5024328232e+00	2.7600073814e+00	5.5838012695e+00	13	0	20	20	0	1.7709082895e+00	3.9849243164e+00	6.4849243164e+00	3	1	4.4046020508e+00	1.5338576399e-02	2.9514031485e-04
27	550_610	5.8000000000e+02	6.0000000000e+01	5.5000000000e+02	6.1000000000e+02	1	3	1	5.5139825439e+02	6.0596051025e+02	1.3982543945e+00	-4.0394897461e+00	1.3982543945e+00	4.0394897461e+00	4.0394897461e+00	3.0226307052e+00	1.3206176758e+00	5.4377441406e+00	1.7397016671e-02	1.4705044031e-01	3.4890778363e-02	1.4705044031e-01	2.9303077561e+01	4.0795093167e+01	4.0795093167e+01	4.4156175852e-01	4.8077430725e+00	2.4580535889e+00	2.7851774693e+00	1	3	1	5.5349682617e+02	6.0763934326e+02	3.4968261719e+00	-2.3606567383e+00	3.4968261719e+00	2.3606567383e+00	3.4968261719e+00	2.9833281342e+00	5.6808471680e-01	5.8574829102e+00	2.4152587423e-02	3.6734196544e-01	3.0577233434e-01	3.6734196544e-01	1.8872428389e+01	2.1016018394e+01	2.1016018394e+01	4.0149864554e-01	3.0617682934e+00	2.4733641148e+00	2.8188805580e+00	5.4266357422e-01	2	0	20	20	0	1.8367098272e+00	3.9165039062e+00	6.4165039062e+00	3	1	1.8179931641e+00	2.4246023968e-02	7.5540330727e-04
28	540_620	5.8000000000e+02	8.0000000000e+01	5.4000000000e+02	6.2000000000e+02	1	3	1	5.3754785156e+02	6.2148974609e+02	-2.4521484375e+00	1.4897460938e+00	2.4521484375e+00	1.4897460938e+00	2.4521484375e+00	2.0288390009e+00	4.8120117188e-01	3.9418945312e+00	1.6055603663e-02	7.4656188488e-02	8.3991825581e-02	8.3991825581e-02	2.9581577573e+01	3.8795913966e+01	3.8795913966e+01	6.6068279743e-01	4.7348499298e+00	2.4264018536e+00	2.8574066162e+00	1	3	1	5.4090551758e+02	6.2107006836e+02	9.0551757812e-01	1.0700683594e+00	9.0551757812e-01	1.0700683594e+00	1.0700683594e+00	9.9121349316e-01	9.8779296875e-01	1.6455078125e-01	1.7250814342e-02	2.9714792967e-01	2.3418061435e-01	2.9714792967e-01	1.9169387493e+01	2.2571952758e+01	2.2571952758e+01	4.8954474926e-01	3.3204975128e+00	2.3955910206e+00	2.8883466721e+00	1.3820800781e+00	7	0	20	20	1	1.4857396483e+00	1.0700683594e+00	3.5700683594e+00	3	1	1.0700683594e+00	1.6746232286e-02	1.0538549395e-04
29	530_630	5.8000000000e+02	1.0000000000e+02	5.3000000000e+02	6.3000000000e+02	1	3	1	5.2411718750e+02	6.2400799561e+02	-5.8828125000e+00	-5.9920043945e+00	5.8828125000e+00	5.9920043945e+00	5.9920043945e+00	5.9376594536e+00	5.9374084473e+00	1.0919189453e-01	1.6966458004e-02	1.1443297565e-01	3.8786921650e-02	1.1443297565e-01	3.1774284990e+01	3.7650487773e+01	3.7650487773e+01	6.7637874186e-01	4.7401170731e+00	2.3576683998e+00	2.9202175140e+00	1	3	1	5.2663543701e+02	6.2316857910e+02	-3.3645629883e+00	-6.8314208984e+00	3.3645629883e+00	6.8314208984e+00	6.8314208984e+00	5.3846353448e+00	5.0979919434e+00	3.4668579102e+00	1.4892970385e-02	2.2362637520e-01	1.8015819788e-01	2.2362637520e-01	1.8108332036e+01	2.5672297048e+01	2.5672297048e+01	5.7327973843e-01	3.6767637730e+00	2.3036372662e+00	2.9190769196e+00	-8.3941650391e-01	19	0	20	20	1	1.1506088863e+00	5.8828125000e+00	8.3828125000e+00	3	1	4.3131713867e+00	1.3468537480e-02	1.4704867499e-03
30	520_640	5.8000000000e+02	1.2000000000e+02	5.2000000000e+02	6.4000000000e+02	1	3	1	5.2285803223e+02	6.4205554199e+02	2.8580322266e+00	2.0555419922e+00	2.8580322266e+00	2.0555419922e+00	2.8580322266e+00	2.4893373706e+00	2.4567871094e+00	8.0249023438e-01	1.3003659528e-02	6.0727857053e-02	4.3806750327e-02	6.0727857053e-02	2.6763017810e+01	4.0320876211e+01	4.0320876211e+01	7.3208949715e-01	4.6639485359e+00	2.2802410126e+00	2.9816136360e+00	1	3	1	5.2285803223e+02	6.4121612549e+02	2.8580322266e+00	1.2161254883e+00	2.8580322266e+00	1.2161254883e+00	2.8580322266e+00	2.1962820187e+00	2.0370788574e+00	1.6419067383e+00	9.4781020403e-03	1.0547105223e-01	6.8373821676e-02	1.0547105223e-01	2.3014588163e+01	3.4263973028e+01	3.4263973028e+01	6.9226541370e-01	4.2605090141e+00	2.2816622257e+00	2.9693298340e+00	0.0000000000e+00	18	0	20	20	1	7.2226633038e-01	2.8580322266e+00	5.3580322266e+00	3	1	7.9638671875e-01	7.4956677854e-03	3.1829285435e-03
